<?xml version="1.0" encoding="UTF-8" ?>

<!--

    Licensed to the Apache Software Foundation (ASF) under one
    or more contributor license agreements.  See the NOTICE file
    distributed with this work for additional information
    regarding copyright ownership.  The ASF licenses this file
    to you under the Apache License, Version 2.0 (the
    "License"); you may not use this file except in compliance
    with the License.  You may obtain a copy of the License at

      http://www.apache.org/licenses/LICENSE-2.0

    Unless required by applicable law or agreed to in writing,
    software distributed under the License is distributed on an
    "AS IS" BASIS, WITHOUT WARRANTIES OR CONDITIONS OF ANY
    KIND, either express or implied.  See the License for the
    specific language governing permissions and limitations
    under the License.

-->

 <!DOCTYPE tiles-definitions PUBLIC
       "-//Apache Software Foundation//DTD Tiles Configuration 1.1//EN"
       "http://jakarta.apache.org/struts/dtds/tiles-config_1_1.dtd">


<!--
     This is a blank Tiles definition file with a commented example.
-->

<tiles-definitions>

    <!-- sample tiles definitions
    <definition name=".mainLayout" path="/common/layouts/classicLayout.jsp">
        <put name="title"  value="Sample Page Title" />
        <put name="header" value="/common/header.jsp" />
        <put name="menu"   value=".mainMenu" />
        <put name="footer" value="/common/footer.jsp" />
        <put name="body"   value=".portal.body" />
    </definition>

    <definition name=".mainMenu" path="/common/layouts/vboxLayout.jsp" >
        <putList name="list" >
            <add value=".menu.links" />
            <add value=".menu.taglib.references" />
            <add value=".menu.printer.friendly" />
            <add value=".menu.old.documents" />
      </putList>
    </definition>

    <definition name="aPage" extends=".mainLayout">
        <put name="title"  value="Another Title" />
        <put name="body"   value=".aPage.body" />
    </definition>

    end samples -->

    <definition name="${YOUR_DEFINITION_HERE}">
    </definition>

</tiles-definitions>
